{
    "mean": [
        0.04587171599268913,
        0.041309889405965805,
        0.03278564289212227
    ],
    "std": [
        0.09000950306653976,
        0.07748407870531082,
        0.07331710308790207
    ]
}