{
    "mean": [
        0.10770272463560104,
        0.11703474819660187,
        0.0898778885602951
    ],
    "std": [
        0.2095179259777069,
        0.2208898961544037,
        0.190569669008255
    ]
}